DateKey,Date,Day,Weeknbr,Month,MonthShrt,MonthNo,Qtr,Year
20220101,1/1/2022,Saturday,1,January,Jan,1,1,2022
20220102,1/2/2022,Sunday,2,January,Jan,1,1,2022
20220103,1/3/2022,Monday,2,January,Jan,1,1,2022
20220104,1/4/2022,Tuesday,2,January,Jan,1,1,2022
20220105,1/5/2022,Wednesday,2,January,Jan,1,1,2022
20220106,1/6/2022,Thursday,2,January,Jan,1,1,2022
20220107,1/7/2022,Friday,2,January,Jan,1,1,2022
20220108,1/8/2022,Saturday,2,January,Jan,1,1,2022
20220109,1/9/2022,Sunday,3,January,Jan,1,1,2022
20220110,1/10/2022,Monday,3,January,Jan,1,1,2022
20220111,1/11/2022,Tuesday,3,January,Jan,1,1,2022
20220112,1/12/2022,Wednesday,3,January,Jan,1,1,2022
20220113,1/13/2022,Thursday,3,January,Jan,1,1,2022
20220114,1/14/2022,Friday,3,January,Jan,1,1,2022
20220115,1/15/2022,Saturday,3,January,Jan,1,1,2022
20220116,1/16/2022,Sunday,4,January,Jan,1,1,2022
20220117,1/17/2022,Monday,4,January,Jan,1,1,2022
20220118,1/18/2022,Tuesday,4,January,Jan,1,1,2022
20220119,1/19/2022,Wednesday,4,January,Jan,1,1,2022
20220120,1/20/2022,Thursday,4,January,Jan,1,1,2022
20220121,1/21/2022,Friday,4,January,Jan,1,1,2022
20220122,1/22/2022,Saturday,4,January,Jan,1,1,2022
20220123,1/23/2022,Sunday,5,January,Jan,1,1,2022
20220124,1/24/2022,Monday,5,January,Jan,1,1,2022
20220125,1/25/2022,Tuesday,5,January,Jan,1,1,2022
20220126,1/26/2022,Wednesday,5,January,Jan,1,1,2022
20220127,1/27/2022,Thursday,5,January,Jan,1,1,2022
20220128,1/28/2022,Friday,5,January,Jan,1,1,2022
20220129,1/29/2022,Saturday,5,January,Jan,1,1,2022
20220130,1/30/2022,Sunday,6,January,Jan,1,1,2022
20220131,1/31/2022,Monday,6,January,Jan,1,1,2022
20220201,2/1/2022,Tuesday,6,February,Feb,2,1,2022
20220202,2/2/2022,Wednesday,6,February,Feb,2,1,2022
20220203,2/3/2022,Thursday,6,February,Feb,2,1,2022
20220204,2/4/2022,Friday,6,February,Feb,2,1,2022
20220205,2/5/2022,Saturday,6,February,Feb,2,1,2022
20220206,2/6/2022,Sunday,7,February,Feb,2,1,2022
20220207,2/7/2022,Monday,7,February,Feb,2,1,2022
20220208,2/8/2022,Tuesday,7,February,Feb,2,1,2022
20220209,2/9/2022,Wednesday,7,February,Feb,2,1,2022
20220210,2/10/2022,Thursday,7,February,Feb,2,1,2022
20220211,2/11/2022,Friday,7,February,Feb,2,1,2022
20220212,2/12/2022,Saturday,7,February,Feb,2,1,2022
20220213,2/13/2022,Sunday,8,February,Feb,2,1,2022
20220214,2/14/2022,Monday,8,February,Feb,2,1,2022
20220215,2/15/2022,Tuesday,8,February,Feb,2,1,2022
20220216,2/16/2022,Wednesday,8,February,Feb,2,1,2022
20220217,2/17/2022,Thursday,8,February,Feb,2,1,2022
20220218,2/18/2022,Friday,8,February,Feb,2,1,2022
20220219,2/19/2022,Saturday,8,February,Feb,2,1,2022
20220220,2/20/2022,Sunday,9,February,Feb,2,1,2022
20220221,2/21/2022,Monday,9,February,Feb,2,1,2022
20220222,2/22/2022,Tuesday,9,February,Feb,2,1,2022
20220223,2/23/2022,Wednesday,9,February,Feb,2,1,2022
20220224,2/24/2022,Thursday,9,February,Feb,2,1,2022
20220225,2/25/2022,Friday,9,February,Feb,2,1,2022
20220226,2/26/2022,Saturday,9,February,Feb,2,1,2022
20220227,2/27/2022,Sunday,10,February,Feb,2,1,2022
20220228,2/28/2022,Monday,10,February,Feb,2,1,2022
20220301,3/1/2022,Tuesday,10,March,Mar,3,1,2022
20220302,3/2/2022,Wednesday,10,March,Mar,3,1,2022
20220303,3/3/2022,Thursday,10,March,Mar,3,1,2022
20220304,3/4/2022,Friday,10,March,Mar,3,1,2022
20220305,3/5/2022,Saturday,10,March,Mar,3,1,2022
20220306,3/6/2022,Sunday,11,March,Mar,3,1,2022
20220307,3/7/2022,Monday,11,March,Mar,3,1,2022
20220308,3/8/2022,Tuesday,11,March,Mar,3,1,2022
20220309,3/9/2022,Wednesday,11,March,Mar,3,1,2022
20220310,3/10/2022,Thursday,11,March,Mar,3,1,2022
20220311,3/11/2022,Friday,11,March,Mar,3,1,2022
20220312,3/12/2022,Saturday,11,March,Mar,3,1,2022
20220313,3/13/2022,Sunday,12,March,Mar,3,1,2022
20220314,3/14/2022,Monday,12,March,Mar,3,1,2022
20220315,3/15/2022,Tuesday,12,March,Mar,3,1,2022
20220316,3/16/2022,Wednesday,12,March,Mar,3,1,2022
20220317,3/17/2022,Thursday,12,March,Mar,3,1,2022
20220318,3/18/2022,Friday,12,March,Mar,3,1,2022
20220319,3/19/2022,Saturday,12,March,Mar,3,1,2022
20220320,3/20/2022,Sunday,13,March,Mar,3,1,2022
20220321,3/21/2022,Monday,13,March,Mar,3,1,2022
20220322,3/22/2022,Tuesday,13,March,Mar,3,1,2022
20220323,3/23/2022,Wednesday,13,March,Mar,3,1,2022
20220324,3/24/2022,Thursday,13,March,Mar,3,1,2022
20220325,3/25/2022,Friday,13,March,Mar,3,1,2022
20220326,3/26/2022,Saturday,13,March,Mar,3,1,2022
20220327,3/27/2022,Sunday,14,March,Mar,3,1,2022
20220328,3/28/2022,Monday,14,March,Mar,3,1,2022
20220329,3/29/2022,Tuesday,14,March,Mar,3,1,2022
20220330,3/30/2022,Wednesday,14,March,Mar,3,1,2022
20220331,3/31/2022,Thursday,14,March,Mar,3,1,2022
20220401,4/1/2022,Friday,14,April,Apr,4,2,2022
20220402,4/2/2022,Saturday,14,April,Apr,4,2,2022
20220403,4/3/2022,Sunday,15,April,Apr,4,2,2022
20220404,4/4/2022,Monday,15,April,Apr,4,2,2022
20220405,4/5/2022,Tuesday,15,April,Apr,4,2,2022
20220406,4/6/2022,Wednesday,15,April,Apr,4,2,2022
20220407,4/7/2022,Thursday,15,April,Apr,4,2,2022
20220408,4/8/2022,Friday,15,April,Apr,4,2,2022
20220409,4/9/2022,Saturday,15,April,Apr,4,2,2022
20220410,4/10/2022,Sunday,16,April,Apr,4,2,2022
20220411,4/11/2022,Monday,16,April,Apr,4,2,2022
20220412,4/12/2022,Tuesday,16,April,Apr,4,2,2022
20220413,4/13/2022,Wednesday,16,April,Apr,4,2,2022
20220414,4/14/2022,Thursday,16,April,Apr,4,2,2022
20220415,4/15/2022,Friday,16,April,Apr,4,2,2022
20220416,4/16/2022,Saturday,16,April,Apr,4,2,2022
20220417,4/17/2022,Sunday,17,April,Apr,4,2,2022
20220418,4/18/2022,Monday,17,April,Apr,4,2,2022
20220419,4/19/2022,Tuesday,17,April,Apr,4,2,2022
20220420,4/20/2022,Wednesday,17,April,Apr,4,2,2022
20220421,4/21/2022,Thursday,17,April,Apr,4,2,2022
20220422,4/22/2022,Friday,17,April,Apr,4,2,2022
20220423,4/23/2022,Saturday,17,April,Apr,4,2,2022
20220424,4/24/2022,Sunday,18,April,Apr,4,2,2022
20220425,4/25/2022,Monday,18,April,Apr,4,2,2022
20220426,4/26/2022,Tuesday,18,April,Apr,4,2,2022
20220427,4/27/2022,Wednesday,18,April,Apr,4,2,2022
20220428,4/28/2022,Thursday,18,April,Apr,4,2,2022
20220429,4/29/2022,Friday,18,April,Apr,4,2,2022
20220430,4/30/2022,Saturday,18,April,Apr,4,2,2022
20220501,5/1/2022,Sunday,19,May,May,5,2,2022
20220502,5/2/2022,Monday,19,May,May,5,2,2022
20220503,5/3/2022,Tuesday,19,May,May,5,2,2022
20220504,5/4/2022,Wednesday,19,May,May,5,2,2022
20220505,5/5/2022,Thursday,19,May,May,5,2,2022
20220506,5/6/2022,Friday,19,May,May,5,2,2022
20220507,5/7/2022,Saturday,19,May,May,5,2,2022
20220508,5/8/2022,Sunday,20,May,May,5,2,2022
20220509,5/9/2022,Monday,20,May,May,5,2,2022
20220510,5/10/2022,Tuesday,20,May,May,5,2,2022
20220511,5/11/2022,Wednesday,20,May,May,5,2,2022
20220512,5/12/2022,Thursday,20,May,May,5,2,2022
20220513,5/13/2022,Friday,20,May,May,5,2,2022
20220514,5/14/2022,Saturday,20,May,May,5,2,2022
20220515,5/15/2022,Sunday,21,May,May,5,2,2022
20220516,5/16/2022,Monday,21,May,May,5,2,2022
20220517,5/17/2022,Tuesday,21,May,May,5,2,2022
20220518,5/18/2022,Wednesday,21,May,May,5,2,2022
20220519,5/19/2022,Thursday,21,May,May,5,2,2022
20220520,5/20/2022,Friday,21,May,May,5,2,2022
20220521,5/21/2022,Saturday,21,May,May,5,2,2022
20220522,5/22/2022,Sunday,22,May,May,5,2,2022
20220523,5/23/2022,Monday,22,May,May,5,2,2022
20220524,5/24/2022,Tuesday,22,May,May,5,2,2022
20220525,5/25/2022,Wednesday,22,May,May,5,2,2022
20220526,5/26/2022,Thursday,22,May,May,5,2,2022
20220527,5/27/2022,Friday,22,May,May,5,2,2022
20220528,5/28/2022,Saturday,22,May,May,5,2,2022
20220529,5/29/2022,Sunday,23,May,May,5,2,2022
20220530,5/30/2022,Monday,23,May,May,5,2,2022
20220531,5/31/2022,Tuesday,23,May,May,5,2,2022
20220601,6/1/2022,Wednesday,23,June,Jun,6,2,2022
20220602,6/2/2022,Thursday,23,June,Jun,6,2,2022
20220603,6/3/2022,Friday,23,June,Jun,6,2,2022
20220604,6/4/2022,Saturday,23,June,Jun,6,2,2022
20220605,6/5/2022,Sunday,24,June,Jun,6,2,2022
20220606,6/6/2022,Monday,24,June,Jun,6,2,2022
20220607,6/7/2022,Tuesday,24,June,Jun,6,2,2022
20220608,6/8/2022,Wednesday,24,June,Jun,6,2,2022
20220609,6/9/2022,Thursday,24,June,Jun,6,2,2022
20220610,6/10/2022,Friday,24,June,Jun,6,2,2022
20220611,6/11/2022,Saturday,24,June,Jun,6,2,2022
20220612,6/12/2022,Sunday,25,June,Jun,6,2,2022
20220613,6/13/2022,Monday,25,June,Jun,6,2,2022
20220614,6/14/2022,Tuesday,25,June,Jun,6,2,2022
20220615,6/15/2022,Wednesday,25,June,Jun,6,2,2022
20220616,6/16/2022,Thursday,25,June,Jun,6,2,2022
20220617,6/17/2022,Friday,25,June,Jun,6,2,2022
20220618,6/18/2022,Saturday,25,June,Jun,6,2,2022
20220619,6/19/2022,Sunday,26,June,Jun,6,2,2022
20220620,6/20/2022,Monday,26,June,Jun,6,2,2022
20220621,6/21/2022,Tuesday,26,June,Jun,6,2,2022
20220622,6/22/2022,Wednesday,26,June,Jun,6,2,2022
20220623,6/23/2022,Thursday,26,June,Jun,6,2,2022
20220624,6/24/2022,Friday,26,June,Jun,6,2,2022
20220625,6/25/2022,Saturday,26,June,Jun,6,2,2022
20220626,6/26/2022,Sunday,27,June,Jun,6,2,2022
20220627,6/27/2022,Monday,27,June,Jun,6,2,2022
20220628,6/28/2022,Tuesday,27,June,Jun,6,2,2022
20220629,6/29/2022,Wednesday,27,June,Jun,6,2,2022
20220630,6/30/2022,Thursday,27,June,Jun,6,2,2022
20220701,7/1/2022,Friday,27,July,Jul,7,3,2022
20220702,7/2/2022,Saturday,27,July,Jul,7,3,2022
20220703,7/3/2022,Sunday,28,July,Jul,7,3,2022
20220704,7/4/2022,Monday,28,July,Jul,7,3,2022
20220705,7/5/2022,Tuesday,28,July,Jul,7,3,2022
20220706,7/6/2022,Wednesday,28,July,Jul,7,3,2022
20220707,7/7/2022,Thursday,28,July,Jul,7,3,2022
20220708,7/8/2022,Friday,28,July,Jul,7,3,2022
20220709,7/9/2022,Saturday,28,July,Jul,7,3,2022
20220710,7/10/2022,Sunday,29,July,Jul,7,3,2022
20220711,7/11/2022,Monday,29,July,Jul,7,3,2022
20220712,7/12/2022,Tuesday,29,July,Jul,7,3,2022
20220713,7/13/2022,Wednesday,29,July,Jul,7,3,2022
20220714,7/14/2022,Thursday,29,July,Jul,7,3,2022
20220715,7/15/2022,Friday,29,July,Jul,7,3,2022
20220716,7/16/2022,Saturday,29,July,Jul,7,3,2022
20220717,7/17/2022,Sunday,30,July,Jul,7,3,2022
20220718,7/18/2022,Monday,30,July,Jul,7,3,2022
20220719,7/19/2022,Tuesday,30,July,Jul,7,3,2022
20220720,7/20/2022,Wednesday,30,July,Jul,7,3,2022
20220721,7/21/2022,Thursday,30,July,Jul,7,3,2022
20220722,7/22/2022,Friday,30,July,Jul,7,3,2022
20220723,7/23/2022,Saturday,30,July,Jul,7,3,2022
20220724,7/24/2022,Sunday,31,July,Jul,7,3,2022
20220725,7/25/2022,Monday,31,July,Jul,7,3,2022
20220726,7/26/2022,Tuesday,31,July,Jul,7,3,2022
20220727,7/27/2022,Wednesday,31,July,Jul,7,3,2022
20220728,7/28/2022,Thursday,31,July,Jul,7,3,2022
20220729,7/29/2022,Friday,31,July,Jul,7,3,2022
20220730,7/30/2022,Saturday,31,July,Jul,7,3,2022
20220731,7/31/2022,Sunday,32,July,Jul,7,3,2022
20220801,8/1/2022,Monday,32,August,Aug,8,3,2022
20220802,8/2/2022,Tuesday,32,August,Aug,8,3,2022
20220803,8/3/2022,Wednesday,32,August,Aug,8,3,2022
20220804,8/4/2022,Thursday,32,August,Aug,8,3,2022
20220805,8/5/2022,Friday,32,August,Aug,8,3,2022
20220806,8/6/2022,Saturday,32,August,Aug,8,3,2022
20220807,8/7/2022,Sunday,33,August,Aug,8,3,2022
20220808,8/8/2022,Monday,33,August,Aug,8,3,2022
20220809,8/9/2022,Tuesday,33,August,Aug,8,3,2022
20220810,8/10/2022,Wednesday,33,August,Aug,8,3,2022
20220811,8/11/2022,Thursday,33,August,Aug,8,3,2022
20220812,8/12/2022,Friday,33,August,Aug,8,3,2022
20220813,8/13/2022,Saturday,33,August,Aug,8,3,2022
20220814,8/14/2022,Sunday,34,August,Aug,8,3,2022
20220815,8/15/2022,Monday,34,August,Aug,8,3,2022
20220816,8/16/2022,Tuesday,34,August,Aug,8,3,2022
20220817,8/17/2022,Wednesday,34,August,Aug,8,3,2022
20220818,8/18/2022,Thursday,34,August,Aug,8,3,2022
20220819,8/19/2022,Friday,34,August,Aug,8,3,2022
20220820,8/20/2022,Saturday,34,August,Aug,8,3,2022
20220821,8/21/2022,Sunday,35,August,Aug,8,3,2022
20220822,8/22/2022,Monday,35,August,Aug,8,3,2022
20220823,8/23/2022,Tuesday,35,August,Aug,8,3,2022
20220824,8/24/2022,Wednesday,35,August,Aug,8,3,2022
20220825,8/25/2022,Thursday,35,August,Aug,8,3,2022
20220826,8/26/2022,Friday,35,August,Aug,8,3,2022
20220827,8/27/2022,Saturday,35,August,Aug,8,3,2022
20220828,8/28/2022,Sunday,36,August,Aug,8,3,2022
20220829,8/29/2022,Monday,36,August,Aug,8,3,2022
20220830,8/30/2022,Tuesday,36,August,Aug,8,3,2022
20220831,8/31/2022,Wednesday,36,August,Aug,8,3,2022
20220901,9/1/2022,Thursday,36,September,Sep,9,3,2022
20220902,9/2/2022,Friday,36,September,Sep,9,3,2022
20220903,9/3/2022,Saturday,36,September,Sep,9,3,2022
20220904,9/4/2022,Sunday,37,September,Sep,9,3,2022
20220905,9/5/2022,Monday,37,September,Sep,9,3,2022
20220906,9/6/2022,Tuesday,37,September,Sep,9,3,2022
20220907,9/7/2022,Wednesday,37,September,Sep,9,3,2022
20220908,9/8/2022,Thursday,37,September,Sep,9,3,2022
20220909,9/9/2022,Friday,37,September,Sep,9,3,2022
20220910,9/10/2022,Saturday,37,September,Sep,9,3,2022
20220911,9/11/2022,Sunday,38,September,Sep,9,3,2022
20220912,9/12/2022,Monday,38,September,Sep,9,3,2022
20220913,9/13/2022,Tuesday,38,September,Sep,9,3,2022
20220914,9/14/2022,Wednesday,38,September,Sep,9,3,2022
20220915,9/15/2022,Thursday,38,September,Sep,9,3,2022
20220916,9/16/2022,Friday,38,September,Sep,9,3,2022
20220917,9/17/2022,Saturday,38,September,Sep,9,3,2022
20220918,9/18/2022,Sunday,39,September,Sep,9,3,2022
20220919,9/19/2022,Monday,39,September,Sep,9,3,2022
20220920,9/20/2022,Tuesday,39,September,Sep,9,3,2022
20220921,9/21/2022,Wednesday,39,September,Sep,9,3,2022
20220922,9/22/2022,Thursday,39,September,Sep,9,3,2022
20220923,9/23/2022,Friday,39,September,Sep,9,3,2022
20220924,9/24/2022,Saturday,39,September,Sep,9,3,2022
20220925,9/25/2022,Sunday,40,September,Sep,9,3,2022
20220926,9/26/2022,Monday,40,September,Sep,9,3,2022
20220927,9/27/2022,Tuesday,40,September,Sep,9,3,2022
20220928,9/28/2022,Wednesday,40,September,Sep,9,3,2022
20220929,9/29/2022,Thursday,40,September,Sep,9,3,2022
20220930,9/30/2022,Friday,40,September,Sep,9,3,2022
20221001,10/1/2022,Saturday,40,October,Oct,10,4,2022
20221002,10/2/2022,Sunday,41,October,Oct,10,4,2022
20221003,10/3/2022,Monday,41,October,Oct,10,4,2022
20221004,10/4/2022,Tuesday,41,October,Oct,10,4,2022
20221005,10/5/2022,Wednesday,41,October,Oct,10,4,2022
20221006,10/6/2022,Thursday,41,October,Oct,10,4,2022
20221007,10/7/2022,Friday,41,October,Oct,10,4,2022
20221008,10/8/2022,Saturday,41,October,Oct,10,4,2022
20221009,10/9/2022,Sunday,42,October,Oct,10,4,2022
20221010,10/10/2022,Monday,42,October,Oct,10,4,2022
20221011,10/11/2022,Tuesday,42,October,Oct,10,4,2022
20221012,10/12/2022,Wednesday,42,October,Oct,10,4,2022
20221013,10/13/2022,Thursday,42,October,Oct,10,4,2022
20221014,10/14/2022,Friday,42,October,Oct,10,4,2022
20221015,10/15/2022,Saturday,42,October,Oct,10,4,2022
20221016,10/16/2022,Sunday,43,October,Oct,10,4,2022
20221017,10/17/2022,Monday,43,October,Oct,10,4,2022
20221018,10/18/2022,Tuesday,43,October,Oct,10,4,2022
20221019,10/19/2022,Wednesday,43,October,Oct,10,4,2022
20221020,10/20/2022,Thursday,43,October,Oct,10,4,2022
20221021,10/21/2022,Friday,43,October,Oct,10,4,2022
20221022,10/22/2022,Saturday,43,October,Oct,10,4,2022
20221023,10/23/2022,Sunday,44,October,Oct,10,4,2022
20221024,10/24/2022,Monday,44,October,Oct,10,4,2022
20221025,10/25/2022,Tuesday,44,October,Oct,10,4,2022
20221026,10/26/2022,Wednesday,44,October,Oct,10,4,2022
20221027,10/27/2022,Thursday,44,October,Oct,10,4,2022
20221028,10/28/2022,Friday,44,October,Oct,10,4,2022
20221029,10/29/2022,Saturday,44,October,Oct,10,4,2022
20221030,10/30/2022,Sunday,45,October,Oct,10,4,2022
20221031,10/31/2022,Monday,45,October,Oct,10,4,2022
20221101,11/1/2022,Tuesday,45,November,Nov,11,4,2022
20221102,11/2/2022,Wednesday,45,November,Nov,11,4,2022
20221103,11/3/2022,Thursday,45,November,Nov,11,4,2022
20221104,11/4/2022,Friday,45,November,Nov,11,4,2022
20221105,11/5/2022,Saturday,45,November,Nov,11,4,2022
20221106,11/6/2022,Sunday,46,November,Nov,11,4,2022
20221107,11/7/2022,Monday,46,November,Nov,11,4,2022
20221108,11/8/2022,Tuesday,46,November,Nov,11,4,2022
20221109,11/9/2022,Wednesday,46,November,Nov,11,4,2022
20221110,11/10/2022,Thursday,46,November,Nov,11,4,2022
20221111,11/11/2022,Friday,46,November,Nov,11,4,2022
20221112,11/12/2022,Saturday,46,November,Nov,11,4,2022
20221113,11/13/2022,Sunday,47,November,Nov,11,4,2022
20221114,11/14/2022,Monday,47,November,Nov,11,4,2022
20221115,11/15/2022,Tuesday,47,November,Nov,11,4,2022
20221116,11/16/2022,Wednesday,47,November,Nov,11,4,2022
20221117,11/17/2022,Thursday,47,November,Nov,11,4,2022
20221118,11/18/2022,Friday,47,November,Nov,11,4,2022
20221119,11/19/2022,Saturday,47,November,Nov,11,4,2022
20221120,11/20/2022,Sunday,48,November,Nov,11,4,2022
20221121,11/21/2022,Monday,48,November,Nov,11,4,2022
20221122,11/22/2022,Tuesday,48,November,Nov,11,4,2022
20221123,11/23/2022,Wednesday,48,November,Nov,11,4,2022
20221124,11/24/2022,Thursday,48,November,Nov,11,4,2022
20221125,11/25/2022,Friday,48,November,Nov,11,4,2022
20221126,11/26/2022,Saturday,48,November,Nov,11,4,2022
20221127,11/27/2022,Sunday,49,November,Nov,11,4,2022
20221128,11/28/2022,Monday,49,November,Nov,11,4,2022
20221129,11/29/2022,Tuesday,49,November,Nov,11,4,2022
20221130,11/30/2022,Wednesday,49,November,Nov,11,4,2022
20221201,12/1/2022,Thursday,49,December,Dec,12,4,2022
20221202,12/2/2022,Friday,49,December,Dec,12,4,2022
20221203,12/3/2022,Saturday,49,December,Dec,12,4,2022
20221204,12/4/2022,Sunday,50,December,Dec,12,4,2022
20221205,12/5/2022,Monday,50,December,Dec,12,4,2022
20221206,12/6/2022,Tuesday,50,December,Dec,12,4,2022
20221207,12/7/2022,Wednesday,50,December,Dec,12,4,2022
20221208,12/8/2022,Thursday,50,December,Dec,12,4,2022
20221209,12/9/2022,Friday,50,December,Dec,12,4,2022
20221210,12/10/2022,Saturday,50,December,Dec,12,4,2022
20221211,12/11/2022,Sunday,51,December,Dec,12,4,2022
20221212,12/12/2022,Monday,51,December,Dec,12,4,2022
20221213,12/13/2022,Tuesday,51,December,Dec,12,4,2022
20221214,12/14/2022,Wednesday,51,December,Dec,12,4,2022
20221215,12/15/2022,Thursday,51,December,Dec,12,4,2022
20221216,12/16/2022,Friday,51,December,Dec,12,4,2022
20221217,12/17/2022,Saturday,51,December,Dec,12,4,2022
20221218,12/18/2022,Sunday,52,December,Dec,12,4,2022
20221219,12/19/2022,Monday,52,December,Dec,12,4,2022
20221220,12/20/2022,Tuesday,52,December,Dec,12,4,2022
20221221,12/21/2022,Wednesday,52,December,Dec,12,4,2022
20221222,12/22/2022,Thursday,52,December,Dec,12,4,2022
20221223,12/23/2022,Friday,52,December,Dec,12,4,2022
20221224,12/24/2022,Saturday,52,December,Dec,12,4,2022
20221225,12/25/2022,Sunday,53,December,Dec,12,4,2022
20221226,12/26/2022,Monday,53,December,Dec,12,4,2022
20221227,12/27/2022,Tuesday,53,December,Dec,12,4,2022
20221228,12/28/2022,Wednesday,53,December,Dec,12,4,2022
20221229,12/29/2022,Thursday,53,December,Dec,12,4,2022
20221230,12/30/2022,Friday,53,December,Dec,12,4,2022
20221231,12/31/2022,Saturday,53,December,Dec,12,4,2022
20230101,1/1/2023,Sunday,1,January,Jan,1,1,2023
20230102,1/2/2023,Monday,1,January,Jan,1,1,2023
20230103,1/3/2023,Tuesday,1,January,Jan,1,1,2023
20230104,1/4/2023,Wednesday,1,January,Jan,1,1,2023
20230105,1/5/2023,Thursday,1,January,Jan,1,1,2023
20230106,1/6/2023,Friday,1,January,Jan,1,1,2023
20230107,1/7/2023,Saturday,1,January,Jan,1,1,2023
20230108,1/8/2023,Sunday,2,January,Jan,1,1,2023
20230109,1/9/2023,Monday,2,January,Jan,1,1,2023
20230110,1/10/2023,Tuesday,2,January,Jan,1,1,2023
20230111,1/11/2023,Wednesday,2,January,Jan,1,1,2023
20230112,1/12/2023,Thursday,2,January,Jan,1,1,2023
20230113,1/13/2023,Friday,2,January,Jan,1,1,2023
20230114,1/14/2023,Saturday,2,January,Jan,1,1,2023
20230115,1/15/2023,Sunday,3,January,Jan,1,1,2023
20230116,1/16/2023,Monday,3,January,Jan,1,1,2023
20230117,1/17/2023,Tuesday,3,January,Jan,1,1,2023
20230118,1/18/2023,Wednesday,3,January,Jan,1,1,2023
20230119,1/19/2023,Thursday,3,January,Jan,1,1,2023
20230120,1/20/2023,Friday,3,January,Jan,1,1,2023
20230121,1/21/2023,Saturday,3,January,Jan,1,1,2023
20230122,1/22/2023,Sunday,4,January,Jan,1,1,2023
20230123,1/23/2023,Monday,4,January,Jan,1,1,2023
20230124,1/24/2023,Tuesday,4,January,Jan,1,1,2023
20230125,1/25/2023,Wednesday,4,January,Jan,1,1,2023
20230126,1/26/2023,Thursday,4,January,Jan,1,1,2023
20230127,1/27/2023,Friday,4,January,Jan,1,1,2023
20230128,1/28/2023,Saturday,4,January,Jan,1,1,2023
20230129,1/29/2023,Sunday,5,January,Jan,1,1,2023
20230130,1/30/2023,Monday,5,January,Jan,1,1,2023
20230131,1/31/2023,Tuesday,5,January,Jan,1,1,2023
20230201,2/1/2023,Wednesday,5,February,Feb,2,1,2023
20230202,2/2/2023,Thursday,5,February,Feb,2,1,2023
20230203,2/3/2023,Friday,5,February,Feb,2,1,2023
20230204,2/4/2023,Saturday,5,February,Feb,2,1,2023
20230205,2/5/2023,Sunday,6,February,Feb,2,1,2023
20230206,2/6/2023,Monday,6,February,Feb,2,1,2023
20230207,2/7/2023,Tuesday,6,February,Feb,2,1,2023
20230208,2/8/2023,Wednesday,6,February,Feb,2,1,2023
20230209,2/9/2023,Thursday,6,February,Feb,2,1,2023
20230210,2/10/2023,Friday,6,February,Feb,2,1,2023
20230211,2/11/2023,Saturday,6,February,Feb,2,1,2023
20230212,2/12/2023,Sunday,7,February,Feb,2,1,2023
20230213,2/13/2023,Monday,7,February,Feb,2,1,2023
20230214,2/14/2023,Tuesday,7,February,Feb,2,1,2023
20230215,2/15/2023,Wednesday,7,February,Feb,2,1,2023
20230216,2/16/2023,Thursday,7,February,Feb,2,1,2023
20230217,2/17/2023,Friday,7,February,Feb,2,1,2023
20230218,2/18/2023,Saturday,7,February,Feb,2,1,2023
20230219,2/19/2023,Sunday,8,February,Feb,2,1,2023
20230220,2/20/2023,Monday,8,February,Feb,2,1,2023
20230221,2/21/2023,Tuesday,8,February,Feb,2,1,2023
20230222,2/22/2023,Wednesday,8,February,Feb,2,1,2023
20230223,2/23/2023,Thursday,8,February,Feb,2,1,2023
20230224,2/24/2023,Friday,8,February,Feb,2,1,2023
20230225,2/25/2023,Saturday,8,February,Feb,2,1,2023
20230226,2/26/2023,Sunday,9,February,Feb,2,1,2023
20230227,2/27/2023,Monday,9,February,Feb,2,1,2023
20230228,2/28/2023,Tuesday,9,February,Feb,2,1,2023
20230301,3/1/2023,Wednesday,9,March,Mar,3,1,2023
20230302,3/2/2023,Thursday,9,March,Mar,3,1,2023
20230303,3/3/2023,Friday,9,March,Mar,3,1,2023
20230304,3/4/2023,Saturday,9,March,Mar,3,1,2023
20230305,3/5/2023,Sunday,10,March,Mar,3,1,2023
20230306,3/6/2023,Monday,10,March,Mar,3,1,2023
20230307,3/7/2023,Tuesday,10,March,Mar,3,1,2023
20230308,3/8/2023,Wednesday,10,March,Mar,3,1,2023
20230309,3/9/2023,Thursday,10,March,Mar,3,1,2023
20230310,3/10/2023,Friday,10,March,Mar,3,1,2023
20230311,3/11/2023,Saturday,10,March,Mar,3,1,2023
20230312,3/12/2023,Sunday,11,March,Mar,3,1,2023
20230313,3/13/2023,Monday,11,March,Mar,3,1,2023
20230314,3/14/2023,Tuesday,11,March,Mar,3,1,2023
20230315,3/15/2023,Wednesday,11,March,Mar,3,1,2023
20230316,3/16/2023,Thursday,11,March,Mar,3,1,2023
20230317,3/17/2023,Friday,11,March,Mar,3,1,2023
20230318,3/18/2023,Saturday,11,March,Mar,3,1,2023
20230319,3/19/2023,Sunday,12,March,Mar,3,1,2023
20230320,3/20/2023,Monday,12,March,Mar,3,1,2023
20230321,3/21/2023,Tuesday,12,March,Mar,3,1,2023
20230322,3/22/2023,Wednesday,12,March,Mar,3,1,2023
20230323,3/23/2023,Thursday,12,March,Mar,3,1,2023
20230324,3/24/2023,Friday,12,March,Mar,3,1,2023
20230325,3/25/2023,Saturday,12,March,Mar,3,1,2023
20230326,3/26/2023,Sunday,13,March,Mar,3,1,2023
20230327,3/27/2023,Monday,13,March,Mar,3,1,2023
20230328,3/28/2023,Tuesday,13,March,Mar,3,1,2023
20230329,3/29/2023,Wednesday,13,March,Mar,3,1,2023
20230330,3/30/2023,Thursday,13,March,Mar,3,1,2023
20230331,3/31/2023,Friday,13,March,Mar,3,1,2023
20230401,4/1/2023,Saturday,13,April,Apr,4,2,2023
20230402,4/2/2023,Sunday,14,April,Apr,4,2,2023
20230403,4/3/2023,Monday,14,April,Apr,4,2,2023
20230404,4/4/2023,Tuesday,14,April,Apr,4,2,2023
20230405,4/5/2023,Wednesday,14,April,Apr,4,2,2023
20230406,4/6/2023,Thursday,14,April,Apr,4,2,2023
20230407,4/7/2023,Friday,14,April,Apr,4,2,2023
20230408,4/8/2023,Saturday,14,April,Apr,4,2,2023
20230409,4/9/2023,Sunday,15,April,Apr,4,2,2023
20230410,4/10/2023,Monday,15,April,Apr,4,2,2023
20230411,4/11/2023,Tuesday,15,April,Apr,4,2,2023
20230412,4/12/2023,Wednesday,15,April,Apr,4,2,2023
20230413,4/13/2023,Thursday,15,April,Apr,4,2,2023
20230414,4/14/2023,Friday,15,April,Apr,4,2,2023
20230415,4/15/2023,Saturday,15,April,Apr,4,2,2023
20230416,4/16/2023,Sunday,16,April,Apr,4,2,2023
20230417,4/17/2023,Monday,16,April,Apr,4,2,2023
20230418,4/18/2023,Tuesday,16,April,Apr,4,2,2023
20230419,4/19/2023,Wednesday,16,April,Apr,4,2,2023
20230420,4/20/2023,Thursday,16,April,Apr,4,2,2023
20230421,4/21/2023,Friday,16,April,Apr,4,2,2023
20230422,4/22/2023,Saturday,16,April,Apr,4,2,2023
20230423,4/23/2023,Sunday,17,April,Apr,4,2,2023
20230424,4/24/2023,Monday,17,April,Apr,4,2,2023
20230425,4/25/2023,Tuesday,17,April,Apr,4,2,2023
20230426,4/26/2023,Wednesday,17,April,Apr,4,2,2023
20230427,4/27/2023,Thursday,17,April,Apr,4,2,2023
20230428,4/28/2023,Friday,17,April,Apr,4,2,2023
20230429,4/29/2023,Saturday,17,April,Apr,4,2,2023
20230430,4/30/2023,Sunday,18,April,Apr,4,2,2023
20230501,5/1/2023,Monday,18,May,May,5,2,2023
20230502,5/2/2023,Tuesday,18,May,May,5,2,2023
20230503,5/3/2023,Wednesday,18,May,May,5,2,2023
20230504,5/4/2023,Thursday,18,May,May,5,2,2023
20230505,5/5/2023,Friday,18,May,May,5,2,2023
20230506,5/6/2023,Saturday,18,May,May,5,2,2023
20230507,5/7/2023,Sunday,19,May,May,5,2,2023
20230508,5/8/2023,Monday,19,May,May,5,2,2023
20230509,5/9/2023,Tuesday,19,May,May,5,2,2023
20230510,5/10/2023,Wednesday,19,May,May,5,2,2023
20230511,5/11/2023,Thursday,19,May,May,5,2,2023
20230512,5/12/2023,Friday,19,May,May,5,2,2023
20230513,5/13/2023,Saturday,19,May,May,5,2,2023
20230514,5/14/2023,Sunday,20,May,May,5,2,2023
20230515,5/15/2023,Monday,20,May,May,5,2,2023
20230516,5/16/2023,Tuesday,20,May,May,5,2,2023
20230517,5/17/2023,Wednesday,20,May,May,5,2,2023
20230518,5/18/2023,Thursday,20,May,May,5,2,2023
20230519,5/19/2023,Friday,20,May,May,5,2,2023
20230520,5/20/2023,Saturday,20,May,May,5,2,2023
20230521,5/21/2023,Sunday,21,May,May,5,2,2023
20230522,5/22/2023,Monday,21,May,May,5,2,2023
20230523,5/23/2023,Tuesday,21,May,May,5,2,2023
20230524,5/24/2023,Wednesday,21,May,May,5,2,2023
20230525,5/25/2023,Thursday,21,May,May,5,2,2023
20230526,5/26/2023,Friday,21,May,May,5,2,2023
20230527,5/27/2023,Saturday,21,May,May,5,2,2023
20230528,5/28/2023,Sunday,22,May,May,5,2,2023
20230529,5/29/2023,Monday,22,May,May,5,2,2023
20230530,5/30/2023,Tuesday,22,May,May,5,2,2023
20230531,5/31/2023,Wednesday,22,May,May,5,2,2023
20230601,6/1/2023,Thursday,22,June,Jun,6,2,2023
20230602,6/2/2023,Friday,22,June,Jun,6,2,2023
20230603,6/3/2023,Saturday,22,June,Jun,6,2,2023
20230604,6/4/2023,Sunday,23,June,Jun,6,2,2023
20230605,6/5/2023,Monday,23,June,Jun,6,2,2023
20230606,6/6/2023,Tuesday,23,June,Jun,6,2,2023
20230607,6/7/2023,Wednesday,23,June,Jun,6,2,2023
20230608,6/8/2023,Thursday,23,June,Jun,6,2,2023
20230609,6/9/2023,Friday,23,June,Jun,6,2,2023
20230610,6/10/2023,Saturday,23,June,Jun,6,2,2023
20230611,6/11/2023,Sunday,24,June,Jun,6,2,2023
20230612,6/12/2023,Monday,24,June,Jun,6,2,2023
20230613,6/13/2023,Tuesday,24,June,Jun,6,2,2023
20230614,6/14/2023,Wednesday,24,June,Jun,6,2,2023
20230615,6/15/2023,Thursday,24,June,Jun,6,2,2023
20230616,6/16/2023,Friday,24,June,Jun,6,2,2023
20230617,6/17/2023,Saturday,24,June,Jun,6,2,2023
20230618,6/18/2023,Sunday,25,June,Jun,6,2,2023
20230619,6/19/2023,Monday,25,June,Jun,6,2,2023
20230620,6/20/2023,Tuesday,25,June,Jun,6,2,2023
20230621,6/21/2023,Wednesday,25,June,Jun,6,2,2023
20230622,6/22/2023,Thursday,25,June,Jun,6,2,2023
20230623,6/23/2023,Friday,25,June,Jun,6,2,2023
20230624,6/24/2023,Saturday,25,June,Jun,6,2,2023
20230625,6/25/2023,Sunday,26,June,Jun,6,2,2023
20230626,6/26/2023,Monday,26,June,Jun,6,2,2023
20230627,6/27/2023,Tuesday,26,June,Jun,6,2,2023
20230628,6/28/2023,Wednesday,26,June,Jun,6,2,2023
20230629,6/29/2023,Thursday,26,June,Jun,6,2,2023
20230630,6/30/2023,Friday,26,June,Jun,6,2,2023
20230701,7/1/2023,Saturday,26,July,Jul,7,3,2023
20230702,7/2/2023,Sunday,27,July,Jul,7,3,2023
20230703,7/3/2023,Monday,27,July,Jul,7,3,2023
20230704,7/4/2023,Tuesday,27,July,Jul,7,3,2023
20230705,7/5/2023,Wednesday,27,July,Jul,7,3,2023
20230706,7/6/2023,Thursday,27,July,Jul,7,3,2023
20230707,7/7/2023,Friday,27,July,Jul,7,3,2023
20230708,7/8/2023,Saturday,27,July,Jul,7,3,2023
20230709,7/9/2023,Sunday,28,July,Jul,7,3,2023
20230710,7/10/2023,Monday,28,July,Jul,7,3,2023
20230711,7/11/2023,Tuesday,28,July,Jul,7,3,2023
20230712,7/12/2023,Wednesday,28,July,Jul,7,3,2023
20230713,7/13/2023,Thursday,28,July,Jul,7,3,2023
20230714,7/14/2023,Friday,28,July,Jul,7,3,2023
20230715,7/15/2023,Saturday,28,July,Jul,7,3,2023
20230716,7/16/2023,Sunday,29,July,Jul,7,3,2023
20230717,7/17/2023,Monday,29,July,Jul,7,3,2023
20230718,7/18/2023,Tuesday,29,July,Jul,7,3,2023
20230719,7/19/2023,Wednesday,29,July,Jul,7,3,2023
20230720,7/20/2023,Thursday,29,July,Jul,7,3,2023
20230721,7/21/2023,Friday,29,July,Jul,7,3,2023
20230722,7/22/2023,Saturday,29,July,Jul,7,3,2023
20230723,7/23/2023,Sunday,30,July,Jul,7,3,2023
20230724,7/24/2023,Monday,30,July,Jul,7,3,2023
20230725,7/25/2023,Tuesday,30,July,Jul,7,3,2023
20230726,7/26/2023,Wednesday,30,July,Jul,7,3,2023
20230727,7/27/2023,Thursday,30,July,Jul,7,3,2023
20230728,7/28/2023,Friday,30,July,Jul,7,3,2023
20230729,7/29/2023,Saturday,30,July,Jul,7,3,2023
20230730,7/30/2023,Sunday,31,July,Jul,7,3,2023
20230731,7/31/2023,Monday,31,July,Jul,7,3,2023
20230801,8/1/2023,Tuesday,31,August,Aug,8,3,2023
20230802,8/2/2023,Wednesday,31,August,Aug,8,3,2023
20230803,8/3/2023,Thursday,31,August,Aug,8,3,2023
20230804,8/4/2023,Friday,31,August,Aug,8,3,2023
20230805,8/5/2023,Saturday,31,August,Aug,8,3,2023
20230806,8/6/2023,Sunday,32,August,Aug,8,3,2023
20230807,8/7/2023,Monday,32,August,Aug,8,3,2023
20230808,8/8/2023,Tuesday,32,August,Aug,8,3,2023
20230809,8/9/2023,Wednesday,32,August,Aug,8,3,2023
20230810,8/10/2023,Thursday,32,August,Aug,8,3,2023
20230811,8/11/2023,Friday,32,August,Aug,8,3,2023
20230812,8/12/2023,Saturday,32,August,Aug,8,3,2023
20230813,8/13/2023,Sunday,33,August,Aug,8,3,2023
20230814,8/14/2023,Monday,33,August,Aug,8,3,2023
20230815,8/15/2023,Tuesday,33,August,Aug,8,3,2023
20230816,8/16/2023,Wednesday,33,August,Aug,8,3,2023
20230817,8/17/2023,Thursday,33,August,Aug,8,3,2023
20230818,8/18/2023,Friday,33,August,Aug,8,3,2023
20230819,8/19/2023,Saturday,33,August,Aug,8,3,2023
20230820,8/20/2023,Sunday,34,August,Aug,8,3,2023
20230821,8/21/2023,Monday,34,August,Aug,8,3,2023
20230822,8/22/2023,Tuesday,34,August,Aug,8,3,2023
20230823,8/23/2023,Wednesday,34,August,Aug,8,3,2023
20230824,8/24/2023,Thursday,34,August,Aug,8,3,2023
20230825,8/25/2023,Friday,34,August,Aug,8,3,2023
20230826,8/26/2023,Saturday,34,August,Aug,8,3,2023
20230827,8/27/2023,Sunday,35,August,Aug,8,3,2023
20230828,8/28/2023,Monday,35,August,Aug,8,3,2023
20230829,8/29/2023,Tuesday,35,August,Aug,8,3,2023
20230830,8/30/2023,Wednesday,35,August,Aug,8,3,2023
20230831,8/31/2023,Thursday,35,August,Aug,8,3,2023
20230901,9/1/2023,Friday,35,September,Sep,9,3,2023
20230902,9/2/2023,Saturday,35,September,Sep,9,3,2023
20230903,9/3/2023,Sunday,36,September,Sep,9,3,2023
20230904,9/4/2023,Monday,36,September,Sep,9,3,2023
20230905,9/5/2023,Tuesday,36,September,Sep,9,3,2023
20230906,9/6/2023,Wednesday,36,September,Sep,9,3,2023
20230907,9/7/2023,Thursday,36,September,Sep,9,3,2023
20230908,9/8/2023,Friday,36,September,Sep,9,3,2023
20230909,9/9/2023,Saturday,36,September,Sep,9,3,2023
20230910,9/10/2023,Sunday,37,September,Sep,9,3,2023
20230911,9/11/2023,Monday,37,September,Sep,9,3,2023
20230912,9/12/2023,Tuesday,37,September,Sep,9,3,2023
20230913,9/13/2023,Wednesday,37,September,Sep,9,3,2023
20230914,9/14/2023,Thursday,37,September,Sep,9,3,2023
20230915,9/15/2023,Friday,37,September,Sep,9,3,2023
20230916,9/16/2023,Saturday,37,September,Sep,9,3,2023
20230917,9/17/2023,Sunday,38,September,Sep,9,3,2023
20230918,9/18/2023,Monday,38,September,Sep,9,3,2023
20230919,9/19/2023,Tuesday,38,September,Sep,9,3,2023
20230920,9/20/2023,Wednesday,38,September,Sep,9,3,2023
20230921,9/21/2023,Thursday,38,September,Sep,9,3,2023
20230922,9/22/2023,Friday,38,September,Sep,9,3,2023
20230923,9/23/2023,Saturday,38,September,Sep,9,3,2023
20230924,9/24/2023,Sunday,39,September,Sep,9,3,2023
20230925,9/25/2023,Monday,39,September,Sep,9,3,2023
20230926,9/26/2023,Tuesday,39,September,Sep,9,3,2023
20230927,9/27/2023,Wednesday,39,September,Sep,9,3,2023
20230928,9/28/2023,Thursday,39,September,Sep,9,3,2023
20230929,9/29/2023,Friday,39,September,Sep,9,3,2023
20230930,9/30/2023,Saturday,39,September,Sep,9,3,2023
20231001,10/1/2023,Sunday,40,October,Oct,10,4,2023
20231002,10/2/2023,Monday,40,October,Oct,10,4,2023
20231003,10/3/2023,Tuesday,40,October,Oct,10,4,2023
20231004,10/4/2023,Wednesday,40,October,Oct,10,4,2023
20231005,10/5/2023,Thursday,40,October,Oct,10,4,2023
20231006,10/6/2023,Friday,40,October,Oct,10,4,2023
20231007,10/7/2023,Saturday,40,October,Oct,10,4,2023
20231008,10/8/2023,Sunday,41,October,Oct,10,4,2023
20231009,10/9/2023,Monday,41,October,Oct,10,4,2023
20231010,10/10/2023,Tuesday,41,October,Oct,10,4,2023
20231011,10/11/2023,Wednesday,41,October,Oct,10,4,2023
20231012,10/12/2023,Thursday,41,October,Oct,10,4,2023
20231013,10/13/2023,Friday,41,October,Oct,10,4,2023
20231014,10/14/2023,Saturday,41,October,Oct,10,4,2023
20231015,10/15/2023,Sunday,42,October,Oct,10,4,2023
20231016,10/16/2023,Monday,42,October,Oct,10,4,2023
20231017,10/17/2023,Tuesday,42,October,Oct,10,4,2023
20231018,10/18/2023,Wednesday,42,October,Oct,10,4,2023
20231019,10/19/2023,Thursday,42,October,Oct,10,4,2023
20231020,10/20/2023,Friday,42,October,Oct,10,4,2023
20231021,10/21/2023,Saturday,42,October,Oct,10,4,2023
20231022,10/22/2023,Sunday,43,October,Oct,10,4,2023
20231023,10/23/2023,Monday,43,October,Oct,10,4,2023
20231024,10/24/2023,Tuesday,43,October,Oct,10,4,2023
20231025,10/25/2023,Wednesday,43,October,Oct,10,4,2023
20231026,10/26/2023,Thursday,43,October,Oct,10,4,2023
20231027,10/27/2023,Friday,43,October,Oct,10,4,2023
20231028,10/28/2023,Saturday,43,October,Oct,10,4,2023
20231029,10/29/2023,Sunday,44,October,Oct,10,4,2023
20231030,10/30/2023,Monday,44,October,Oct,10,4,2023
20231031,10/31/2023,Tuesday,44,October,Oct,10,4,2023
20231101,11/1/2023,Wednesday,44,November,Nov,11,4,2023
20231102,11/2/2023,Thursday,44,November,Nov,11,4,2023
20231103,11/3/2023,Friday,44,November,Nov,11,4,2023
20231104,11/4/2023,Saturday,44,November,Nov,11,4,2023
20231105,11/5/2023,Sunday,45,November,Nov,11,4,2023
20231106,11/6/2023,Monday,45,November,Nov,11,4,2023
20231107,11/7/2023,Tuesday,45,November,Nov,11,4,2023
20231108,11/8/2023,Wednesday,45,November,Nov,11,4,2023
20231109,11/9/2023,Thursday,45,November,Nov,11,4,2023
20231110,11/10/2023,Friday,45,November,Nov,11,4,2023
20231111,11/11/2023,Saturday,45,November,Nov,11,4,2023
20231112,11/12/2023,Sunday,46,November,Nov,11,4,2023
20231113,11/13/2023,Monday,46,November,Nov,11,4,2023
20231114,11/14/2023,Tuesday,46,November,Nov,11,4,2023
20231115,11/15/2023,Wednesday,46,November,Nov,11,4,2023
20231116,11/16/2023,Thursday,46,November,Nov,11,4,2023
20231117,11/17/2023,Friday,46,November,Nov,11,4,2023
20231118,11/18/2023,Saturday,46,November,Nov,11,4,2023
20231119,11/19/2023,Sunday,47,November,Nov,11,4,2023
20231120,11/20/2023,Monday,47,November,Nov,11,4,2023
20231121,11/21/2023,Tuesday,47,November,Nov,11,4,2023
20231122,11/22/2023,Wednesday,47,November,Nov,11,4,2023
20231123,11/23/2023,Thursday,47,November,Nov,11,4,2023
20231124,11/24/2023,Friday,47,November,Nov,11,4,2023
20231125,11/25/2023,Saturday,47,November,Nov,11,4,2023
20231126,11/26/2023,Sunday,48,November,Nov,11,4,2023
20231127,11/27/2023,Monday,48,November,Nov,11,4,2023
20231128,11/28/2023,Tuesday,48,November,Nov,11,4,2023
20231129,11/29/2023,Wednesday,48,November,Nov,11,4,2023
20231130,11/30/2023,Thursday,48,November,Nov,11,4,2023
20231201,12/1/2023,Friday,48,December,Dec,12,4,2023
20231202,12/2/2023,Saturday,48,December,Dec,12,4,2023
20231203,12/3/2023,Sunday,49,December,Dec,12,4,2023
20231204,12/4/2023,Monday,49,December,Dec,12,4,2023
20231205,12/5/2023,Tuesday,49,December,Dec,12,4,2023
20231206,12/6/2023,Wednesday,49,December,Dec,12,4,2023
20231207,12/7/2023,Thursday,49,December,Dec,12,4,2023
20231208,12/8/2023,Friday,49,December,Dec,12,4,2023
20231209,12/9/2023,Saturday,49,December,Dec,12,4,2023
20231210,12/10/2023,Sunday,50,December,Dec,12,4,2023
20231211,12/11/2023,Monday,50,December,Dec,12,4,2023
20231212,12/12/2023,Tuesday,50,December,Dec,12,4,2023
20231213,12/13/2023,Wednesday,50,December,Dec,12,4,2023
20231214,12/14/2023,Thursday,50,December,Dec,12,4,2023
20231215,12/15/2023,Friday,50,December,Dec,12,4,2023
20231216,12/16/2023,Saturday,50,December,Dec,12,4,2023
20231217,12/17/2023,Sunday,51,December,Dec,12,4,2023
20231218,12/18/2023,Monday,51,December,Dec,12,4,2023
20231219,12/19/2023,Tuesday,51,December,Dec,12,4,2023
20231220,12/20/2023,Wednesday,51,December,Dec,12,4,2023
20231221,12/21/2023,Thursday,51,December,Dec,12,4,2023
20231222,12/22/2023,Friday,51,December,Dec,12,4,2023
20231223,12/23/2023,Saturday,51,December,Dec,12,4,2023
20231224,12/24/2023,Sunday,52,December,Dec,12,4,2023
20231225,12/25/2023,Monday,52,December,Dec,12,4,2023
20231226,12/26/2023,Tuesday,52,December,Dec,12,4,2023
20231227,12/27/2023,Wednesday,52,December,Dec,12,4,2023
20231228,12/28/2023,Thursday,52,December,Dec,12,4,2023
20231229,12/29/2023,Friday,52,December,Dec,12,4,2023
20231230,12/30/2023,Saturday,52,December,Dec,12,4,2023
20231231,12/31/2023,Sunday,53,December,Dec,12,4,2023
20240101,1/1/2024,Monday,1,January,Jan,1,1,2024
20240102,1/2/2024,Tuesday,1,January,Jan,1,1,2024
20240103,1/3/2024,Wednesday,1,January,Jan,1,1,2024
20240104,1/4/2024,Thursday,1,January,Jan,1,1,2024
20240105,1/5/2024,Friday,1,January,Jan,1,1,2024
20240106,1/6/2024,Saturday,1,January,Jan,1,1,2024
20240107,1/7/2024,Sunday,2,January,Jan,1,1,2024
20240108,1/8/2024,Monday,2,January,Jan,1,1,2024
20240109,1/9/2024,Tuesday,2,January,Jan,1,1,2024
20240110,1/10/2024,Wednesday,2,January,Jan,1,1,2024
20240111,1/11/2024,Thursday,2,January,Jan,1,1,2024
20240112,1/12/2024,Friday,2,January,Jan,1,1,2024
20240113,1/13/2024,Saturday,2,January,Jan,1,1,2024
20240114,1/14/2024,Sunday,3,January,Jan,1,1,2024
20240115,1/15/2024,Monday,3,January,Jan,1,1,2024
20240116,1/16/2024,Tuesday,3,January,Jan,1,1,2024
20240117,1/17/2024,Wednesday,3,January,Jan,1,1,2024
20240118,1/18/2024,Thursday,3,January,Jan,1,1,2024
20240119,1/19/2024,Friday,3,January,Jan,1,1,2024
20240120,1/20/2024,Saturday,3,January,Jan,1,1,2024
20240121,1/21/2024,Sunday,4,January,Jan,1,1,2024
20240122,1/22/2024,Monday,4,January,Jan,1,1,2024
20240123,1/23/2024,Tuesday,4,January,Jan,1,1,2024
20240124,1/24/2024,Wednesday,4,January,Jan,1,1,2024
20240125,1/25/2024,Thursday,4,January,Jan,1,1,2024
20240126,1/26/2024,Friday,4,January,Jan,1,1,2024
20240127,1/27/2024,Saturday,4,January,Jan,1,1,2024
20240128,1/28/2024,Sunday,5,January,Jan,1,1,2024
20240129,1/29/2024,Monday,5,January,Jan,1,1,2024
20240130,1/30/2024,Tuesday,5,January,Jan,1,1,2024
20240131,1/31/2024,Wednesday,5,January,Jan,1,1,2024
20240201,2/1/2024,Thursday,5,February,Feb,2,1,2024
20240202,2/2/2024,Friday,5,February,Feb,2,1,2024
20240203,2/3/2024,Saturday,5,February,Feb,2,1,2024
20240204,2/4/2024,Sunday,6,February,Feb,2,1,2024
20240205,2/5/2024,Monday,6,February,Feb,2,1,2024
20240206,2/6/2024,Tuesday,6,February,Feb,2,1,2024
20240207,2/7/2024,Wednesday,6,February,Feb,2,1,2024
20240208,2/8/2024,Thursday,6,February,Feb,2,1,2024
20240209,2/9/2024,Friday,6,February,Feb,2,1,2024
20240210,2/10/2024,Saturday,6,February,Feb,2,1,2024
20240211,2/11/2024,Sunday,7,February,Feb,2,1,2024
20240212,2/12/2024,Monday,7,February,Feb,2,1,2024
20240213,2/13/2024,Tuesday,7,February,Feb,2,1,2024
20240214,2/14/2024,Wednesday,7,February,Feb,2,1,2024
20240215,2/15/2024,Thursday,7,February,Feb,2,1,2024
20240216,2/16/2024,Friday,7,February,Feb,2,1,2024
20240217,2/17/2024,Saturday,7,February,Feb,2,1,2024
20240218,2/18/2024,Sunday,8,February,Feb,2,1,2024
20240219,2/19/2024,Monday,8,February,Feb,2,1,2024
20240220,2/20/2024,Tuesday,8,February,Feb,2,1,2024
20240221,2/21/2024,Wednesday,8,February,Feb,2,1,2024
20240222,2/22/2024,Thursday,8,February,Feb,2,1,2024
20240223,2/23/2024,Friday,8,February,Feb,2,1,2024
20240224,2/24/2024,Saturday,8,February,Feb,2,1,2024
20240225,2/25/2024,Sunday,9,February,Feb,2,1,2024
20240226,2/26/2024,Monday,9,February,Feb,2,1,2024
20240227,2/27/2024,Tuesday,9,February,Feb,2,1,2024
20240228,2/28/2024,Wednesday,9,February,Feb,2,1,2024
20240229,2/29/2024,Thursday,9,February,Feb,2,1,2024
20240301,3/1/2024,Friday,9,March,Mar,3,1,2024
20240302,3/2/2024,Saturday,9,March,Mar,3,1,2024
20240303,3/3/2024,Sunday,10,March,Mar,3,1,2024
20240304,3/4/2024,Monday,10,March,Mar,3,1,2024
20240305,3/5/2024,Tuesday,10,March,Mar,3,1,2024
20240306,3/6/2024,Wednesday,10,March,Mar,3,1,2024
20240307,3/7/2024,Thursday,10,March,Mar,3,1,2024
20240308,3/8/2024,Friday,10,March,Mar,3,1,2024
20240309,3/9/2024,Saturday,10,March,Mar,3,1,2024
20240310,3/10/2024,Sunday,11,March,Mar,3,1,2024
20240311,3/11/2024,Monday,11,March,Mar,3,1,2024
20240312,3/12/2024,Tuesday,11,March,Mar,3,1,2024
20240313,3/13/2024,Wednesday,11,March,Mar,3,1,2024
20240314,3/14/2024,Thursday,11,March,Mar,3,1,2024
20240315,3/15/2024,Friday,11,March,Mar,3,1,2024
20240316,3/16/2024,Saturday,11,March,Mar,3,1,2024
20240317,3/17/2024,Sunday,12,March,Mar,3,1,2024
20240318,3/18/2024,Monday,12,March,Mar,3,1,2024
20240319,3/19/2024,Tuesday,12,March,Mar,3,1,2024
20240320,3/20/2024,Wednesday,12,March,Mar,3,1,2024
20240321,3/21/2024,Thursday,12,March,Mar,3,1,2024
20240322,3/22/2024,Friday,12,March,Mar,3,1,2024
20240323,3/23/2024,Saturday,12,March,Mar,3,1,2024
20240324,3/24/2024,Sunday,13,March,Mar,3,1,2024
20240325,3/25/2024,Monday,13,March,Mar,3,1,2024
20240326,3/26/2024,Tuesday,13,March,Mar,3,1,2024
20240327,3/27/2024,Wednesday,13,March,Mar,3,1,2024
20240328,3/28/2024,Thursday,13,March,Mar,3,1,2024
20240329,3/29/2024,Friday,13,March,Mar,3,1,2024
20240330,3/30/2024,Saturday,13,March,Mar,3,1,2024
20240331,3/31/2024,Sunday,14,March,Mar,3,1,2024
20240401,4/1/2024,Monday,14,April,Apr,4,2,2024
20240402,4/2/2024,Tuesday,14,April,Apr,4,2,2024
20240403,4/3/2024,Wednesday,14,April,Apr,4,2,2024
20240404,4/4/2024,Thursday,14,April,Apr,4,2,2024
20240405,4/5/2024,Friday,14,April,Apr,4,2,2024
20240406,4/6/2024,Saturday,14,April,Apr,4,2,2024
20240407,4/7/2024,Sunday,15,April,Apr,4,2,2024
20240408,4/8/2024,Monday,15,April,Apr,4,2,2024
20240409,4/9/2024,Tuesday,15,April,Apr,4,2,2024
20240410,4/10/2024,Wednesday,15,April,Apr,4,2,2024
20240411,4/11/2024,Thursday,15,April,Apr,4,2,2024
20240412,4/12/2024,Friday,15,April,Apr,4,2,2024
20240413,4/13/2024,Saturday,15,April,Apr,4,2,2024
20240414,4/14/2024,Sunday,16,April,Apr,4,2,2024
20240415,4/15/2024,Monday,16,April,Apr,4,2,2024
20240416,4/16/2024,Tuesday,16,April,Apr,4,2,2024
20240417,4/17/2024,Wednesday,16,April,Apr,4,2,2024
20240418,4/18/2024,Thursday,16,April,Apr,4,2,2024
20240419,4/19/2024,Friday,16,April,Apr,4,2,2024
20240420,4/20/2024,Saturday,16,April,Apr,4,2,2024
20240421,4/21/2024,Sunday,17,April,Apr,4,2,2024
20240422,4/22/2024,Monday,17,April,Apr,4,2,2024
20240423,4/23/2024,Tuesday,17,April,Apr,4,2,2024
20240424,4/24/2024,Wednesday,17,April,Apr,4,2,2024
20240425,4/25/2024,Thursday,17,April,Apr,4,2,2024
20240426,4/26/2024,Friday,17,April,Apr,4,2,2024
20240427,4/27/2024,Saturday,17,April,Apr,4,2,2024
20240428,4/28/2024,Sunday,18,April,Apr,4,2,2024
20240429,4/29/2024,Monday,18,April,Apr,4,2,2024
20240430,4/30/2024,Tuesday,18,April,Apr,4,2,2024
20240501,5/1/2024,Wednesday,18,May,May,5,2,2024
20240502,5/2/2024,Thursday,18,May,May,5,2,2024
20240503,5/3/2024,Friday,18,May,May,5,2,2024
20240504,5/4/2024,Saturday,18,May,May,5,2,2024
20240505,5/5/2024,Sunday,19,May,May,5,2,2024
20240506,5/6/2024,Monday,19,May,May,5,2,2024
20240507,5/7/2024,Tuesday,19,May,May,5,2,2024
20240508,5/8/2024,Wednesday,19,May,May,5,2,2024
20240509,5/9/2024,Thursday,19,May,May,5,2,2024
20240510,5/10/2024,Friday,19,May,May,5,2,2024
20240511,5/11/2024,Saturday,19,May,May,5,2,2024
20240512,5/12/2024,Sunday,20,May,May,5,2,2024
20240513,5/13/2024,Monday,20,May,May,5,2,2024
20240514,5/14/2024,Tuesday,20,May,May,5,2,2024
20240515,5/15/2024,Wednesday,20,May,May,5,2,2024
20240516,5/16/2024,Thursday,20,May,May,5,2,2024
20240517,5/17/2024,Friday,20,May,May,5,2,2024
20240518,5/18/2024,Saturday,20,May,May,5,2,2024
20240519,5/19/2024,Sunday,21,May,May,5,2,2024
20240520,5/20/2024,Monday,21,May,May,5,2,2024
20240521,5/21/2024,Tuesday,21,May,May,5,2,2024
20240522,5/22/2024,Wednesday,21,May,May,5,2,2024
20240523,5/23/2024,Thursday,21,May,May,5,2,2024
20240524,5/24/2024,Friday,21,May,May,5,2,2024
20240525,5/25/2024,Saturday,21,May,May,5,2,2024
20240526,5/26/2024,Sunday,22,May,May,5,2,2024
20240527,5/27/2024,Monday,22,May,May,5,2,2024
20240528,5/28/2024,Tuesday,22,May,May,5,2,2024
20240529,5/29/2024,Wednesday,22,May,May,5,2,2024
20240530,5/30/2024,Thursday,22,May,May,5,2,2024
20240531,5/31/2024,Friday,22,May,May,5,2,2024
20240601,6/1/2024,Saturday,22,June,Jun,6,2,2024
20240602,6/2/2024,Sunday,23,June,Jun,6,2,2024
20240603,6/3/2024,Monday,23,June,Jun,6,2,2024
20240604,6/4/2024,Tuesday,23,June,Jun,6,2,2024
20240605,6/5/2024,Wednesday,23,June,Jun,6,2,2024
20240606,6/6/2024,Thursday,23,June,Jun,6,2,2024
20240607,6/7/2024,Friday,23,June,Jun,6,2,2024
20240608,6/8/2024,Saturday,23,June,Jun,6,2,2024
20240609,6/9/2024,Sunday,24,June,Jun,6,2,2024
20240610,6/10/2024,Monday,24,June,Jun,6,2,2024
20240611,6/11/2024,Tuesday,24,June,Jun,6,2,2024
20240612,6/12/2024,Wednesday,24,June,Jun,6,2,2024
20240613,6/13/2024,Thursday,24,June,Jun,6,2,2024
20240614,6/14/2024,Friday,24,June,Jun,6,2,2024
20240615,6/15/2024,Saturday,24,June,Jun,6,2,2024
20240616,6/16/2024,Sunday,25,June,Jun,6,2,2024
20240617,6/17/2024,Monday,25,June,Jun,6,2,2024
20240618,6/18/2024,Tuesday,25,June,Jun,6,2,2024
20240619,6/19/2024,Wednesday,25,June,Jun,6,2,2024
20240620,6/20/2024,Thursday,25,June,Jun,6,2,2024
20240621,6/21/2024,Friday,25,June,Jun,6,2,2024
20240622,6/22/2024,Saturday,25,June,Jun,6,2,2024
20240623,6/23/2024,Sunday,26,June,Jun,6,2,2024
20240624,6/24/2024,Monday,26,June,Jun,6,2,2024
20240625,6/25/2024,Tuesday,26,June,Jun,6,2,2024
20240626,6/26/2024,Wednesday,26,June,Jun,6,2,2024
20240627,6/27/2024,Thursday,26,June,Jun,6,2,2024
20240628,6/28/2024,Friday,26,June,Jun,6,2,2024
20240629,6/29/2024,Saturday,26,June,Jun,6,2,2024
20240630,6/30/2024,Sunday,27,June,Jun,6,2,2024
20240701,7/1/2024,Monday,27,July,Jul,7,3,2024
20240702,7/2/2024,Tuesday,27,July,Jul,7,3,2024
20240703,7/3/2024,Wednesday,27,July,Jul,7,3,2024
20240704,7/4/2024,Thursday,27,July,Jul,7,3,2024
20240705,7/5/2024,Friday,27,July,Jul,7,3,2024
20240706,7/6/2024,Saturday,27,July,Jul,7,3,2024
20240707,7/7/2024,Sunday,28,July,Jul,7,3,2024
20240708,7/8/2024,Monday,28,July,Jul,7,3,2024
20240709,7/9/2024,Tuesday,28,July,Jul,7,3,2024
20240710,7/10/2024,Wednesday,28,July,Jul,7,3,2024
20240711,7/11/2024,Thursday,28,July,Jul,7,3,2024
20240712,7/12/2024,Friday,28,July,Jul,7,3,2024
20240713,7/13/2024,Saturday,28,July,Jul,7,3,2024
20240714,7/14/2024,Sunday,29,July,Jul,7,3,2024
20240715,7/15/2024,Monday,29,July,Jul,7,3,2024
20240716,7/16/2024,Tuesday,29,July,Jul,7,3,2024
20240717,7/17/2024,Wednesday,29,July,Jul,7,3,2024
20240718,7/18/2024,Thursday,29,July,Jul,7,3,2024
20240719,7/19/2024,Friday,29,July,Jul,7,3,2024
20240720,7/20/2024,Saturday,29,July,Jul,7,3,2024
20240721,7/21/2024,Sunday,30,July,Jul,7,3,2024
20240722,7/22/2024,Monday,30,July,Jul,7,3,2024
20240723,7/23/2024,Tuesday,30,July,Jul,7,3,2024
20240724,7/24/2024,Wednesday,30,July,Jul,7,3,2024
20240725,7/25/2024,Thursday,30,July,Jul,7,3,2024
20240726,7/26/2024,Friday,30,July,Jul,7,3,2024
20240727,7/27/2024,Saturday,30,July,Jul,7,3,2024
20240728,7/28/2024,Sunday,31,July,Jul,7,3,2024
20240729,7/29/2024,Monday,31,July,Jul,7,3,2024
20240730,7/30/2024,Tuesday,31,July,Jul,7,3,2024
20240731,7/31/2024,Wednesday,31,July,Jul,7,3,2024
20240801,8/1/2024,Thursday,31,August,Aug,8,3,2024
20240802,8/2/2024,Friday,31,August,Aug,8,3,2024
20240803,8/3/2024,Saturday,31,August,Aug,8,3,2024
20240804,8/4/2024,Sunday,32,August,Aug,8,3,2024
20240805,8/5/2024,Monday,32,August,Aug,8,3,2024
20240806,8/6/2024,Tuesday,32,August,Aug,8,3,2024
20240807,8/7/2024,Wednesday,32,August,Aug,8,3,2024
20240808,8/8/2024,Thursday,32,August,Aug,8,3,2024
20240809,8/9/2024,Friday,32,August,Aug,8,3,2024
20240810,8/10/2024,Saturday,32,August,Aug,8,3,2024
20240811,8/11/2024,Sunday,33,August,Aug,8,3,2024
20240812,8/12/2024,Monday,33,August,Aug,8,3,2024
20240813,8/13/2024,Tuesday,33,August,Aug,8,3,2024
20240814,8/14/2024,Wednesday,33,August,Aug,8,3,2024
20240815,8/15/2024,Thursday,33,August,Aug,8,3,2024
20240816,8/16/2024,Friday,33,August,Aug,8,3,2024
20240817,8/17/2024,Saturday,33,August,Aug,8,3,2024
20240818,8/18/2024,Sunday,34,August,Aug,8,3,2024
20240819,8/19/2024,Monday,34,August,Aug,8,3,2024
20240820,8/20/2024,Tuesday,34,August,Aug,8,3,2024
20240821,8/21/2024,Wednesday,34,August,Aug,8,3,2024
20240822,8/22/2024,Thursday,34,August,Aug,8,3,2024
20240823,8/23/2024,Friday,34,August,Aug,8,3,2024
20240824,8/24/2024,Saturday,34,August,Aug,8,3,2024
20240825,8/25/2024,Sunday,35,August,Aug,8,3,2024
20240826,8/26/2024,Monday,35,August,Aug,8,3,2024
20240827,8/27/2024,Tuesday,35,August,Aug,8,3,2024
20240828,8/28/2024,Wednesday,35,August,Aug,8,3,2024
20240829,8/29/2024,Thursday,35,August,Aug,8,3,2024
20240830,8/30/2024,Friday,35,August,Aug,8,3,2024
20240831,8/31/2024,Saturday,35,August,Aug,8,3,2024
20240901,9/1/2024,Sunday,36,September,Sep,9,3,2024
20240902,9/2/2024,Monday,36,September,Sep,9,3,2024
20240903,9/3/2024,Tuesday,36,September,Sep,9,3,2024
20240904,9/4/2024,Wednesday,36,September,Sep,9,3,2024
20240905,9/5/2024,Thursday,36,September,Sep,9,3,2024
20240906,9/6/2024,Friday,36,September,Sep,9,3,2024
20240907,9/7/2024,Saturday,36,September,Sep,9,3,2024
20240908,9/8/2024,Sunday,37,September,Sep,9,3,2024
20240909,9/9/2024,Monday,37,September,Sep,9,3,2024
20240910,9/10/2024,Tuesday,37,September,Sep,9,3,2024
20240911,9/11/2024,Wednesday,37,September,Sep,9,3,2024
20240912,9/12/2024,Thursday,37,September,Sep,9,3,2024
20240913,9/13/2024,Friday,37,September,Sep,9,3,2024
20240914,9/14/2024,Saturday,37,September,Sep,9,3,2024
20240915,9/15/2024,Sunday,38,September,Sep,9,3,2024
20240916,9/16/2024,Monday,38,September,Sep,9,3,2024
20240917,9/17/2024,Tuesday,38,September,Sep,9,3,2024
20240918,9/18/2024,Wednesday,38,September,Sep,9,3,2024
20240919,9/19/2024,Thursday,38,September,Sep,9,3,2024
20240920,9/20/2024,Friday,38,September,Sep,9,3,2024
20240921,9/21/2024,Saturday,38,September,Sep,9,3,2024
20240922,9/22/2024,Sunday,39,September,Sep,9,3,2024
20240923,9/23/2024,Monday,39,September,Sep,9,3,2024
20240924,9/24/2024,Tuesday,39,September,Sep,9,3,2024
20240925,9/25/2024,Wednesday,39,September,Sep,9,3,2024
20240926,9/26/2024,Thursday,39,September,Sep,9,3,2024
20240927,9/27/2024,Friday,39,September,Sep,9,3,2024
20240928,9/28/2024,Saturday,39,September,Sep,9,3,2024
20240929,9/29/2024,Sunday,40,September,Sep,9,3,2024
20240930,9/30/2024,Monday,40,September,Sep,9,3,2024
20241001,10/1/2024,Tuesday,40,October,Oct,10,4,2024
20241002,10/2/2024,Wednesday,40,October,Oct,10,4,2024
20241003,10/3/2024,Thursday,40,October,Oct,10,4,2024
20241004,10/4/2024,Friday,40,October,Oct,10,4,2024
20241005,10/5/2024,Saturday,40,October,Oct,10,4,2024
20241006,10/6/2024,Sunday,41,October,Oct,10,4,2024
20241007,10/7/2024,Monday,41,October,Oct,10,4,2024
20241008,10/8/2024,Tuesday,41,October,Oct,10,4,2024
20241009,10/9/2024,Wednesday,41,October,Oct,10,4,2024
20241010,10/10/2024,Thursday,41,October,Oct,10,4,2024
20241011,10/11/2024,Friday,41,October,Oct,10,4,2024
20241012,10/12/2024,Saturday,41,October,Oct,10,4,2024
20241013,10/13/2024,Sunday,42,October,Oct,10,4,2024
20241014,10/14/2024,Monday,42,October,Oct,10,4,2024
20241015,10/15/2024,Tuesday,42,October,Oct,10,4,2024
20241016,10/16/2024,Wednesday,42,October,Oct,10,4,2024
20241017,10/17/2024,Thursday,42,October,Oct,10,4,2024
20241018,10/18/2024,Friday,42,October,Oct,10,4,2024
20241019,10/19/2024,Saturday,42,October,Oct,10,4,2024
20241020,10/20/2024,Sunday,43,October,Oct,10,4,2024
20241021,10/21/2024,Monday,43,October,Oct,10,4,2024
20241022,10/22/2024,Tuesday,43,October,Oct,10,4,2024
20241023,10/23/2024,Wednesday,43,October,Oct,10,4,2024
20241024,10/24/2024,Thursday,43,October,Oct,10,4,2024
20241025,10/25/2024,Friday,43,October,Oct,10,4,2024
20241026,10/26/2024,Saturday,43,October,Oct,10,4,2024
20241027,10/27/2024,Sunday,44,October,Oct,10,4,2024
20241028,10/28/2024,Monday,44,October,Oct,10,4,2024
20241029,10/29/2024,Tuesday,44,October,Oct,10,4,2024
20241030,10/30/2024,Wednesday,44,October,Oct,10,4,2024
20241031,10/31/2024,Thursday,44,October,Oct,10,4,2024
20241101,11/1/2024,Friday,44,November,Nov,11,4,2024
20241102,11/2/2024,Saturday,44,November,Nov,11,4,2024
20241103,11/3/2024,Sunday,45,November,Nov,11,4,2024
20241104,11/4/2024,Monday,45,November,Nov,11,4,2024
20241105,11/5/2024,Tuesday,45,November,Nov,11,4,2024
20241106,11/6/2024,Wednesday,45,November,Nov,11,4,2024
20241107,11/7/2024,Thursday,45,November,Nov,11,4,2024
20241108,11/8/2024,Friday,45,November,Nov,11,4,2024
20241109,11/9/2024,Saturday,45,November,Nov,11,4,2024
20241110,11/10/2024,Sunday,46,November,Nov,11,4,2024
20241111,11/11/2024,Monday,46,November,Nov,11,4,2024
20241112,11/12/2024,Tuesday,46,November,Nov,11,4,2024
20241113,11/13/2024,Wednesday,46,November,Nov,11,4,2024
20241114,11/14/2024,Thursday,46,November,Nov,11,4,2024
20241115,11/15/2024,Friday,46,November,Nov,11,4,2024
20241116,11/16/2024,Saturday,46,November,Nov,11,4,2024
20241117,11/17/2024,Sunday,47,November,Nov,11,4,2024
20241118,11/18/2024,Monday,47,November,Nov,11,4,2024
20241119,11/19/2024,Tuesday,47,November,Nov,11,4,2024
20241120,11/20/2024,Wednesday,47,November,Nov,11,4,2024
20241121,11/21/2024,Thursday,47,November,Nov,11,4,2024
20241122,11/22/2024,Friday,47,November,Nov,11,4,2024
20241123,11/23/2024,Saturday,47,November,Nov,11,4,2024
20241124,11/24/2024,Sunday,48,November,Nov,11,4,2024
20241125,11/25/2024,Monday,48,November,Nov,11,4,2024
20241126,11/26/2024,Tuesday,48,November,Nov,11,4,2024
20241127,11/27/2024,Wednesday,48,November,Nov,11,4,2024
20241128,11/28/2024,Thursday,48,November,Nov,11,4,2024
20241129,11/29/2024,Friday,48,November,Nov,11,4,2024
20241130,11/30/2024,Saturday,48,November,Nov,11,4,2024
20241201,12/1/2024,Sunday,49,December,Dec,12,4,2024
20241202,12/2/2024,Monday,49,December,Dec,12,4,2024
20241203,12/3/2024,Tuesday,49,December,Dec,12,4,2024
20241204,12/4/2024,Wednesday,49,December,Dec,12,4,2024
20241205,12/5/2024,Thursday,49,December,Dec,12,4,2024
20241206,12/6/2024,Friday,49,December,Dec,12,4,2024
20241207,12/7/2024,Saturday,49,December,Dec,12,4,2024
20241208,12/8/2024,Sunday,50,December,Dec,12,4,2024
20241209,12/9/2024,Monday,50,December,Dec,12,4,2024
20241210,12/10/2024,Tuesday,50,December,Dec,12,4,2024
20241211,12/11/2024,Wednesday,50,December,Dec,12,4,2024
20241212,12/12/2024,Thursday,50,December,Dec,12,4,2024
20241213,12/13/2024,Friday,50,December,Dec,12,4,2024
20241214,12/14/2024,Saturday,50,December,Dec,12,4,2024
20241215,12/15/2024,Sunday,51,December,Dec,12,4,2024
20241216,12/16/2024,Monday,51,December,Dec,12,4,2024
20241217,12/17/2024,Tuesday,51,December,Dec,12,4,2024
20241218,12/18/2024,Wednesday,51,December,Dec,12,4,2024
20241219,12/19/2024,Thursday,51,December,Dec,12,4,2024
20241220,12/20/2024,Friday,51,December,Dec,12,4,2024
20241221,12/21/2024,Saturday,51,December,Dec,12,4,2024
20241222,12/22/2024,Sunday,52,December,Dec,12,4,2024
20241223,12/23/2024,Monday,52,December,Dec,12,4,2024
20241224,12/24/2024,Tuesday,52,December,Dec,12,4,2024
20241225,12/25/2024,Wednesday,52,December,Dec,12,4,2024
20241226,12/26/2024,Thursday,52,December,Dec,12,4,2024
20241227,12/27/2024,Friday,52,December,Dec,12,4,2024
20241228,12/28/2024,Saturday,52,December,Dec,12,4,2024
20241229,12/29/2024,Sunday,53,December,Dec,12,4,2024
20241230,12/30/2024,Monday,53,December,Dec,12,4,2024
20241231,12/31/2024,Tuesday,53,December,Dec,12,4,2024
